{"packages":[],"notify-batch":"https:\/\/packagist.org\/downloads\/","providers-url":"\/p\/%package%$%hash%.json","metadata-url":"\/p2\/%package%.json","metadata-changes-url":"https:\/\/packagist.org\/metadata\/changes.json","search":"https:\/\/packagist.org\/search.json?q=%query%&type=%type%","list":"https:\/\/packagist.org\/packages\/list.json","security-advisories":{"metadata":true,"api-url":"https:\/\/packagist.org\/api\/security-advisories\/"},"providers-api":"https:\/\/packagist.org\/providers\/%package%.json","warning":"Support for Composer 1 is deprecated and some packages will not be available. You should upgrade to Composer 2. See https:\/\/blog.packagist.com\/deprecating-composer-1-support\/","warning-versions":"<1.99","provider-includes":{"p\/provider-2013$%hash%.json":{"sha256":"83d18d76b21538705e7e3a2ccd60463069518a92539512ebd3609c596291a873"},"p\/provider-2014$%hash%.json":{"sha256":"3125defab8332203ffc84c607f96be5e6daf044921eb49a97c2ada93b1624a1a"},"p\/provider-2015$%hash%.json":{"sha256":"59b553fb789e32124909eb94bb3c3ac7ce31195d69442f2a1019849acb6a9424"},"p\/provider-2016$%hash%.json":{"sha256":"d56c469cac3100538c41f20279e4c93662b2c26f83173a1ca6f595d9fff19a31"},"p\/provider-2017$%hash%.json":{"sha256":"679af56ed40392a9644c867eab4c0ceae7b18036903ac709b12e63b0bc291f3d"},"p\/provider-2018$%hash%.json":{"sha256":"e2cc4cf6a71eb75b2c259eb62de4a1b0d6d0d8ca018baae6d09853bcb4c85685"},"p\/provider-2019$%hash%.json":{"sha256":"178f3cb4835538999f40f184c942612cf1703ae4362fda400151a9631bba0144"},"p\/provider-2020$%hash%.json":{"sha256":"70294a83219372dd74fe22adc9764deff88234f4338f6348ff47df9c6b66265b"},"p\/provider-2021$%hash%.json":{"sha256":"0b9d8b842885e99c1d39b802ac4dea5f36696a22d0b2179c0b29ae22f4c50cd0"},"p\/provider-2022$%hash%.json":{"sha256":"3311d9805d5bd1a15559245cb51fb6b5225d3bcd24dfa5b7e068c7ecbb347518"},"p\/provider-2023$%hash%.json":{"sha256":"0ba6bf8f9dc761e679bcfd4d28b805a0679d74f5f8ee29f9e76040169790ffa8"},"p\/provider-2023-10$%hash%.json":{"sha256":"a66210387c8f3f80e4a774c581dc5e190c1127d8d31bba56c97226486a43f346"},"p\/provider-2024-01$%hash%.json":{"sha256":"a25dd5e270d6e8370ca04baa414e6307d1cde6dc7ad5ce512722991a15686700"},"p\/provider-2024-04$%hash%.json":{"sha256":"ca329d17cc573b3ae51f30bd7faf3dd60cc9385dcd7e346146d45dba1e779596"},"p\/provider-2024-07$%hash%.json":{"sha256":"70bebc66c4d6ed3981824e93b5ba60b67960c5f5714feb5f209ff547ce27503c"},"p\/provider-archived$%hash%.json":{"sha256":"47755dc11602a87565bfcdd92a5e9125fa61f5475ae4c792067894e150936f36"},"p\/provider-latest$%hash%.json":{"sha256":"70ba1287538c217d15ed8993fb8863807bc314fc00d8a21708d19fdaa2c50d77"}},"last-modified":"Thu, 15 Aug 2024 19:02:42 GMT"}